url_20,url_9,url_8,url_7,url_6,url_5,url_4,url_3,url_2,url_1,url_0,url_17,url_16,url_15,url_14,url_13,url_12,url_11,url_10,url_19,url_18
https://www.sympla.com.br/curso-de-formacao-em-coaching-profissional-e-de-vida---turma-especial__108015,https://www.sympla.com.br/o-poder-da-colaboracao---4-edicao__107761,https://www.sympla.com.br/como-mudar-de-carreira-sem-enlouquecer__107671,https://www.sympla.com.br/lancamento-curso-de-mindfulness-para-nutricao--turma-vi__107677,https://www.sympla.com.br/palestra-gratuita-de-mindfulness---4-de-fevereiro__107606,https://www.sympla.com.br/mindfulness---programa-de-8-semanas---marco-noturno__107544,https://www.sympla.com.br/mindfulness---programa-de-8-semanas---fevereiro-vespertino__107538,https://www.sympla.com.br/advanced-cardiovascular-life-supportr---aclsr__109044,https://www.sympla.com.br/advanced-cardiovascular-life-supportr---aclsr__109025,https://www.sympla.com.br/mansion-party-iv---mansao-inedita---pistas-garden--roftoop__109016,https://www.sympla.com.br/2001---pitanga-em-pe-de-amora-no-mundo-pensante__109037,https://www.sympla.com.br/0102---encontro-filosofico-mente-corpo-e-afetos-em-spinoza-com-amauri-ferreira-no-mundo-pensante__108454,https://www.sympla.com.br/curso-formacao-em-terapia-das-velas__108333,https://www.sympla.com.br/oficina-imersao-a-terapia-com-rosas__108326,https://www.sympla.com.br/53-cafe-com-empreendedoras-de-sao-paulo__108174,https://www.sympla.com.br/workshop-recolocacao-profissional-com-coaching-e-pnl__108141,https://www.sympla.com.br/ii---encontro-das-mulheres__107861,https://www.sympla.com.br/curso-de-auditoria-interna-controle-interno-e-gestao-de-riscos__107763,https://www.sympla.com.br/2-arte-no-forum---exposicao-coletiva-de-artes__107762,https://www.sympla.com.br/belieber-fest-oficial__107987,https://www.sympla.com.br/organizacao-empresarial---ftd__108400
https://www.sympla.com.br/popzuda--rihanna-namorar-pra-que--pop--funk--augusta-501__109452,https://www.sympla.com.br/pediatric-advanced-life-supportr---palsr__109060,https://www.sympla.com.br/-anexo-beach-__109936,https://www.sympla.com.br/a-revolucao--da-blockchain__109907,https://www.sympla.com.br/aula-the-school-of-life-sp---como-ter-resiliencia__109960,https://www.sympla.com.br/meu-primeiro-evento__109874,https://www.sympla.com.br/unicornio--pop--glitter--sexta-2701--augusta-501__109338,https://www.sympla.com.br/advanced-trauma-life-supportr---atlsr__109327,https://www.sympla.com.br/jantar-as-cegas---carnes-exoticas__109368,https://www.sympla.com.br/oficina-pedras-quentes__109406,https://www.sympla.com.br/1-curso-aberto-para-formar-gerentes-de-lojas-e-concessionarias-de-veiculos__109186,https://www.sympla.com.br/pediatric-advanced-life-supportr---palsr__109051,https://www.sympla.com.br/monetizacao-em-games-e-apps-passo-a-passo-para-integrar-ad-networks-e-ferramentas-de-mediacao__109049,https://www.sympla.com.br/advanced-cardiovascular-life-supportr---aclsr__109031,https://www.sympla.com.br/advanced-cardiovascular-life-supportr---aclsr__109027,https://www.sympla.com.br/suporte-avancado-de-vida-em-insuficiencia-cardiacar---savicr__109081,https://www.sympla.com.br/basic-life-support---blsr--suporte-basico-de-vida--copia__109079,https://www.sympla.com.br/basic-life-support---blsr--suporte-basico-de-vida__109077,https://www.sympla.com.br/pediatric-advanced-life-supportr---palsr__109062,https://www.sympla.com.br/mclovin-party--double-chopp--just-dance--fliperama--beerpong__109446,https://www.sympla.com.br/basic-life-support---blsr--suporte-basico-de-vida__109070
https://www.sympla.com.br/a-b-d-u-z-i-d-o-s-30--open-bar--sab-1103__111066,https://www.sympla.com.br/sextas-musicais-xiii---show-douglas-germano__110661,https://www.sympla.com.br/jogo-da-transformacao-em-sao-paulo__110370,https://www.sympla.com.br/-starloka-__110543,https://www.sympla.com.br/7-segredos-do-idioma-ingles__82044,https://www.sympla.com.br/urban-cosmanaut__110232,https://www.sympla.com.br/narnia-bus-excursao---sonoora-5-anos__111904,https://www.sympla.com.br/yellow-duck---a-festa-da-espuma-de-sp__108968,https://www.sympla.com.br/narnia-bus-excursao---native-11-anos__111903,https://www.sympla.com.br/estrelas-2017__110574,https://www.sympla.com.br/programa-de-formacao-de-consultor--academia-erp-protheus---v12__67381,https://www.sympla.com.br/beleza-natural-oficina-de-cosmeticos__94792,https://www.sympla.com.br/curso-eros-e-a-magia-do-amor__110960,https://www.sympla.com.br/roda-de-conversa-dialogos-da-maturidade__110735,https://www.sympla.com.br/ecmmeeting-contabil-sp-2017__110709,https://www.sympla.com.br/monster-dog-elite---7on7-passing-tournament-2017__110658,https://www.sympla.com.br/aula-the-school-of-life-sp---amigos-para-uma-vida__110637,https://www.sympla.com.br/gestao-de-design-comercial--visual-merchandising-em-lojas__110732,https://www.sympla.com.br/summer-football-camp__110669,https://www.sympla.com.br/o-maior-open-bar-duplo-que-voce-respeita__110891,https://www.sympla.com.br/vendas-para-startups-b2b__110954
https://www.sympla.com.br/primeiramente-no-marypop__111609,https://www.sympla.com.br/ensaio-aberto-da-farofa-aquatica__111550,https://www.sympla.com.br/palestra-campus-google---planejamento-2017__109646,https://www.sympla.com.br/encontro-aberto-de-mindful-eating__111517,https://www.sympla.com.br/encontro-aberto-de-mindful-eating__111496,https://www.sympla.com.br/treinamento-avaliacao-de-desempenho__110410,https://www.sympla.com.br/workshop-de-ergonomia__103061,https://www.sympla.com.br/luz-camera-acao---workshop-de-preparacao-de-atores-em-dialogo-com-a-camera__109296,https://www.sympla.com.br/encontros-maturijobs---roda-de-conversa-dialogos-da-maturidade__111111,https://www.sympla.com.br/27-e-28-jan--sao-paulo---workshop-de-pintura-facial-artistica__109667,https://www.sympla.com.br/palestra-jornada-intraempreendedora---sede-linkedin__109644,https://www.sympla.com.br/blockchain-no-campus__111261,https://www.sympla.com.br/curso-densitometria-ossea-para-medicos__111507,https://www.sympla.com.br/curso-ultrassonografia-avancada-sistmusculo-esqueletico-pratico__111336,https://www.sympla.com.br/curso-fisica-de-rm__111214,https://www.sympla.com.br/mobile-one-for-business-2017__109570,https://www.sympla.com.br/son-estrella-galicia---anelis-assumpcao-e-depedro__111678,https://www.sympla.com.br/workshop-fantasias-de-carnaval__111644,https://www.sympla.com.br/curso-recuperacao-de-lesoes-com-a-musculacao__104356,https://www.sympla.com.br/manifeste-seu-2017__109939,https://www.sympla.com.br/curso-hands-on-coluna-vertebral-e-plexos-branquial-e-lombossacro__111562
https://www.sympla.com.br/lideranca-criativa__107315,https://www.sympla.com.br/como-mudar-de-carreira-sem-enlouquecer__107671,https://www.sympla.com.br/lancamento-curso-de-mindfulness-para-nutricao--turma-vi__107677,https://www.sympla.com.br/curso-de-mindfulness--eu-sou__107061,https://www.sympla.com.br/voucher-de-aula---the-school-of-life__106572,https://www.sympla.com.br/autocoaching__106562,https://www.sympla.com.br/workshop---marketing-pessoal--empregabilidade-em-tempos-de-crise__106477,https://www.sympla.com.br/treinamento-inteligencia-emocional---supere-seus-limites-com-coaching__106457,https://www.sympla.com.br/u-connection-daquiprafora__106353,https://www.sympla.com.br/modelo-de-negocios-pessoal---business-model-canvas-you__106354,https://www.sympla.com.br/a-dream-band-do-jazz---festival-de-jazz__106390,https://www.sympla.com.br/0102---encontro-filosofico-mente-corpo-e-afetos-em-spinoza-com-amauri-ferreira-no-mundo-pensante__108454,https://www.sympla.com.br/2-edicao---simbolos-sagrados---o-principio-feminino-do-fogo-na-psique-humana__107975,https://www.sympla.com.br/sua-startup-economizara-com-tributos-em-2017__107971,https://www.sympla.com.br/belieber-fest-oficial__107987,https://www.sympla.com.br/curso-de-formacao-em-coaching-profissional-e-de-vida---turma-especial__108015,https://www.sympla.com.br/curso-de-auditoria-interna-controle-interno-e-gestao-de-riscos__107763,https://www.sympla.com.br/2-arte-no-forum---exposicao-coletiva-de-artes__107762,https://www.sympla.com.br/o-poder-da-colaboracao---4-edicao__107761,https://www.sympla.com.br/compare-e-comprove-13h__107137,https://www.sympla.com.br/organizacao-empresarial---ftd__108400
https://www.sympla.com.br/summer-football-camp__110669,https://www.sympla.com.br/qcon-sao-paulo-2017__83919,https://www.sympla.com.br/xxi-curso-de-capacitacao-da-unaccam__96732,https://www.sympla.com.br/academia-de-trompetes-de-sao-paulo__104960,https://www.sympla.com.br/jornalismo-e-startup-o-mundo-esta-mudando-onde-voce-nao-ve__104740,https://www.sympla.com.br/curso-recrutamento-e-selecao__104638,https://www.sympla.com.br/seegma-day-experience__104495,https://www.sympla.com.br/vendas-inteligentes-com-neuromarketing__103869,https://www.sympla.com.br/curso-de-imersao-do-idioma-ingles__103790,https://www.sympla.com.br/open-beco-o-open-bar-duplo-o-choppo-vodkao-whiskyo-catuo-drinkso__111340,https://www.sympla.com.br/farofa---a-festa--edicao-musa-do-verao__111169,https://www.sympla.com.br/start-2017--por-onde-eu-comeco__110311,https://www.sympla.com.br/certificacao-master-project-thinking__110309,https://www.sympla.com.br/workshop-mulher-diamante-sao-paulo-copia__110273,https://www.sympla.com.br/aula-the-school-of-life-sp---como-encontrar-um-trabalho-que-voce-ame__110191,https://www.sympla.com.br/not-so-cute--karaoke--concurso-de-pole-dance--double-catu__110107,https://www.sympla.com.br/planejamento-2017__102357,https://www.sympla.com.br/oficinas-gratuitas-de-inclusao-digital--modulos-de-word-e-internet__101983,https://www.sympla.com.br/oficinas-gratuitas-de-inclusao-digital--modulos-planilhas-eletronicas-e-apresentacoes---junho__101979,https://www.sympla.com.br/marujos-summer-party__110405,https://www.sympla.com.br/jogo-da-transformacao-em-sao-paulo__110370
https://www.sympla.com.br/escola-de-sexualidade-em-fevereiro__106207,https://www.sympla.com.br/uso-das-tecnologias-de-informacao-e-comunicacao-tics-na-pratica-de-producao-de-textos__106740,https://www.sympla.com.br/vira-camisa__106764,https://www.sympla.com.br/o-uso-tdics-para-a-documentacao-pedagogica---modulo-1__106731,https://www.sympla.com.br/transmita---viva-psicodelia--apresvermont__105977,https://www.sympla.com.br/oficinas-gratuitas-de-inclusao-digital--modulos-planilhas-eletronicas-e-apresentacoes---agosto__105583,https://www.sympla.com.br/oficinas-gratuitas-de-inclusao-digital-modulo-i-sistema-operacional-e-modulo-ii-editor-de-textos__105588,https://www.sympla.com.br/brenda-prestes__105534,https://www.sympla.com.br/teorico--pratico-em-exodontia-de-terceiros-molares---2-edicao__97757,https://www.sympla.com.br/sextas-musicais-xiii---show-douglas-germano__110661,https://www.sympla.com.br/-starloka-__110543,https://www.sympla.com.br/situacoes-didaticas-de-leitura-e-escrita-que-precisam-ser-garantidas-na-alfabetizacao__106672,https://www.sympla.com.br/formacao-em-coaching-kids---coaching-para-criancas-e-adolescentes__105656,https://www.sympla.com.br/day-camp-sp-como-despertar-o-melhor-de-mim-11-a-14-anos__106906,https://www.sympla.com.br/startup-farm-day---google-campus__106934,https://www.sympla.com.br/pimpn-ho---sensation-club__106100,https://www.sympla.com.br/aula-the-school-of-life-sp---como-ter-melhores-conversas__105269,https://www.sympla.com.br/introducao-a-abordagem-plurimodal-em-musicoterapia__105285,https://www.sympla.com.br/coordenacao-pedagogica-e-orientacao-educacional-origem-historia-e-atualidade__106752,https://www.sympla.com.br/blockchain-executive-meeting__106198,https://www.sympla.com.br/ag-branding-pessoal---ultima-edicao__106601
https://www.sympla.com.br/encontros-maturijobs---roda-de-conversa-dialogos-da-maturidade__111111,https://www.sympla.com.br/cuboday-conheca-o-cubo__107900,https://www.sympla.com.br/neon-fabrique-apres-adriano-pagani__108893,https://www.sympla.com.br/vivencia-introducao-a-terapia-com-rosas__108328,https://www.sympla.com.br/formacao-de-auditores-internos---teoria-e-pratica-para-o-exercicio-profissional-da-auditoria-interna__108176,https://www.sympla.com.br/vii-virada-empreendedora---tendencias-e-inovacao-no-empreendedorismo__108173,https://www.sympla.com.br/3101---terca-open-djtudo-e-sua-gente-de-todo-lugar-no-mundo-pensante__108159,https://www.sympla.com.br/reiki-nivel-1-sao-paulo__106536,https://www.sympla.com.br/curso-profissional-para-iniciantes---gabriela-shimoda---sao-paulosp__106556,https://www.sympla.com.br/escrita-corporativa__106555,https://www.sympla.com.br/aula-the-school-of-life-sp---para-que-serve-a-filosofia__106249,https://www.sympla.com.br/-anexo-beach-__109936,https://www.sympla.com.br/meu-primeiro-evento__109874,https://www.sympla.com.br/encontro-de-diamantes---seta__108777,https://www.sympla.com.br/aula-avancada-de-ovos-e-sobremesas-de-pascoa__108704,https://www.sympla.com.br/curso-pratico-de-brigadeiros-gourmet---modulo-2---turma-2__108754,https://www.sympla.com.br/sesc-verao-pompeia---jogo-inclusivo-korfebol-brasileiro__108490,https://www.sympla.com.br/pop-brilha--open-bar--vespera-de-feriado--augusta-501__108500,https://www.sympla.com.br/mobile-marketing__107851,https://www.sympla.com.br/aula-the-school-of-life-sp---como-ter-resiliencia__109960,https://www.sympla.com.br/a-revolucao--da-blockchain__109907
https://www.sympla.com.br/maratona-bravo-ballet__106175,https://www.sympla.com.br/carreira-geracao-flux__106350,https://www.sympla.com.br/22-congresso-brasileiro-de-direito-ambiental__98732,https://www.sympla.com.br/curso-de-consultoria-de-imagem-e-estilo-pessoal-e-profissional__106104,https://www.sympla.com.br/oficinas-gratuitas-de-inclusao-digital--modulos-planilhas-eletronicas-e-apresentacoes---dezembro__105589,https://www.sympla.com.br/aula-especial-the-school-of-life-sp---mindfulness-no-trabalho__107263,https://www.sympla.com.br/samsara-blues-experiment-em-sao-paulo---11-de-marco-a-partir-das-18h__106463,https://www.sympla.com.br/curso-presencial-adestramento-de-caes__106391,https://www.sympla.com.br/promova-conversas-transformadoras-2-encontro__105922,https://www.sympla.com.br/aula-the-school-of-life-sp----como-lidar-com-a-morte__105942,https://www.sympla.com.br/workshop-estrategias-de-midias-sociais-para-empreendedoras-e-blogueiras__105008,https://www.sympla.com.br/como-apresentar-e-vender-ideias-para-seu-chefe__106970,https://www.sympla.com.br/treinamento-e-desenvolvimento-em-recrutamento-e-selecao__107005,https://www.sympla.com.br/bela-adormecida__106868,https://www.sympla.com.br/dreamidea--oratoria-e-tecnicas-de-apresentacao__106917,https://www.sympla.com.br/projetos-na-educacao-infantil__106673,https://www.sympla.com.br/day-camp-sp-como-criar-o-meu-caminho-15-a-22-anos__106655,https://www.sympla.com.br/o-uso-tdics-para-a-documentacao-pedagogica---modulo-2__106750,https://www.sympla.com.br/ecmmeeting-bancos-contratos-de-cambio__106332,https://www.sympla.com.br/brazil-promotion-live-marketing-and-retail__105739,https://www.sympla.com.br/formacao-assessment-disc-profiler__105809
https://www.sympla.com.br/tudo-e-brincadeira__107904,https://www.sympla.com.br/dia-4__107193,https://www.sympla.com.br/inovacao-da-experiencia-do-funcionario-sao-paulo__105911,https://www.sympla.com.br/inovacao-da-experiencia-do-funcionario-sao-paulo__105908,https://www.sympla.com.br/realize-mais-vida-tempo-e-atitude---2a-edicao__105500,https://www.sympla.com.br/felicidade-fechada-por-miruna-genoino__105078,https://www.sympla.com.br/como-criar-objetivos-super-poderosos__106975,https://www.sympla.com.br/workshop-----junto-somos-mais-fortes__106873,https://www.sympla.com.br/4-encontro-aberto-de-carreira--recolocacao-profissional__106913,https://www.sympla.com.br/rafael-allmark-em-sao-paulosp__106633,https://www.sympla.com.br/o-lugar-da-pontuacao-na-pratica-da-producao-de-texto__106675,https://www.sympla.com.br/curso-de-arraiolos---da-historia-ao-bordado__107503,https://www.sympla.com.br/1601---curso-de-filosofia-corpo-pensamento-e-liberdade-em-spinoza-nietzsche-bergson-e-deleuze__107082,https://www.sympla.com.br/curso-lideranca-e-gestao-de-marketing-e-vendas-para-autoescolas__98686,https://www.sympla.com.br/curso-the-school-of-life-sp---mindfulness-em-oito-semanas__105975,https://www.sympla.com.br/ecmmeeting-transportes--logistica__105743,https://www.sympla.com.br/lollapalooza-2017---excursao-belo-horizonte__105290,https://www.sympla.com.br/coaching-de-oratoria-em-grupo-fim